DateTime,SEK_to_EUR,USD_to_EUR,GBP_to_EUR
2024-11-12 14:27:50.735354,0.09218297189651727,0.9337034837000987,1.1360157902046655
2024-11-12 14:57:50.735354,0.0912227739303554,0.9528165192097474,1.1796060213679933
2024-11-12 15:27:50.735354,0.08976407099017446,0.9471862531545084,1.1967367205641546
2024-11-12 15:57:50.735354,0.08884033809847229,0.9959358575197107,1.148764452155441
2024-11-12 16:27:50.735354,0.09158429515595552,0.9400222064037549,1.1165904506382465
2024-11-12 16:57:50.735354,0.09174331687447469,0.9618964959644276,1.1604551366969829
2024-11-12 17:27:50.735354,0.09226609400031725,0.9601803632825529,1.1452463677053961
2024-11-12 17:57:50.735354,0.08821852924365084,0.9563727745170165,1.1884202918312692
2024-11-12 18:27:50.735354,0.09538725383050244,0.9580014330107665,1.1566905794395834
2024-11-12 18:57:50.735354,0.09074236670472181,0.9759446864408237,1.1330105923832714
2024-11-12 19:27:50.735354,0.09019040368127354,0.9328241743203667,1.152140198219381
2024-11-12 19:57:50.735354,0.08916659884036754,0.9295657341829259,1.1414838417848436
2024-11-12 20:27:50.735354,0.09084888301916763,0.9254206434734297,1.1444027176758216
2024-11-12 20:57:50.735354,0.09438108830270348,0.9566561655907444,1.0998738350633557
2024-11-12 21:27:50.735354,0.09468012796830011,0.9654402014604335,1.1527967344433816
2024-11-12 21:57:50.735354,0.08910065702031338,0.9522478622551637,1.1806565571604308
2024-11-12 22:27:50.735354,0.09535071158293912,0.9661380792670551,1.1116623490233861
2024-11-12 22:57:50.735354,0.09158516162851507,0.9340311457735173,1.1055068973124655
2024-11-12 23:27:50.735354,0.08948245546308538,0.9315156675772653,1.207736548762457
2024-11-12 23:57:50.735354,0.08839014965617774,0.9160747750689152,1.1009350363194157
2024-11-13 00:27:50.735354,0.09465587465913587,0.9502591904824996,1.1062932687158813
2024-11-13 00:57:50.735354,0.08894596725908555,0.9374478581576114,1.0939561112465823
2024-11-13 01:27:50.735354,0.09284563211916935,0.9104834471495512,1.1582530192060667
2024-11-13 01:57:50.735354,0.09501108807276036,0.9406660239131187,1.116159332589291
2024-11-13 02:27:50.735354,0.09371023181527904,0.9406937444099098,1.1453370881607325
2024-11-13 02:57:50.735354,0.09215665268747834,0.9415928776718839,1.184171634976723
2024-11-13 03:27:50.735354,0.09251099289211993,0.9372422435229993,1.1326055717630301
2024-11-13 03:57:50.735354,0.09182373631114227,0.9080409129311668,1.1271244230656225
2024-11-13 04:27:50.735354,0.08993283069690669,0.9432424147165229,1.1364010435458858
2024-11-13 04:57:50.735354,0.0939933300284578,0.9200667169395303,1.1037685442911354
2024-11-13 05:27:50.735354,0.08998164233158631,0.9580068000851834,1.166381307882509
2024-11-13 05:57:50.735354,0.08963852231585354,0.9341529002652396,1.1868677550039957
2024-11-13 06:27:50.735354,0.09344863628607912,0.9296688840087074,1.1660106872121532
2024-11-13 06:57:50.735354,0.09199224054212563,0.9555373313356562,1.1590306926224305
2024-11-13 07:27:50.735354,0.09186611895818961,0.9189473908107272,1.1604001553634684
2024-11-13 07:57:50.735354,0.0935044365164837,0.9500604081056023,1.1523256037231195
2024-11-13 08:27:50.735354,0.09206160491502098,0.9276028496650535,1.1978064289725447
2024-11-13 08:57:50.735354,0.09411963983236209,0.991964583263586,1.1251578509892097
2024-11-13 09:27:50.735354,0.09441348626364511,0.9588481173366604,1.1153822203171206
2024-11-13 09:57:50.735354,0.09489135527277365,0.9406821080050244,1.1062728805212991
2024-11-13 10:27:50.735354,0.08955388075182233,0.9517234366526693,1.1164811264012808
2024-11-13 10:57:50.735354,0.08997409762293128,0.9386447634122254,1.1136923783126413
2024-11-13 11:27:50.735354,0.0952532558228405,0.9427161513261593,1.1303784350657113
2024-11-13 11:57:50.735354,0.088069758893287,0.9154241286538093,1.1076247091134581
2024-11-13 12:27:50.735354,0.09313754169309961,0.9375246631510561,1.1463129348804417
2024-11-13 12:57:50.735354,0.09304693676922222,0.9566826408326206,1.1324451162572808
2024-11-13 13:27:50.735354,0.09513567734730911,0.9313883106879082,1.1314417072534633
2024-11-13 13:57:50.735354,0.09569444450084033,0.9606689416445404,1.1027749997302303
2024-11-13 14:27:50.735354,0.09155071980518716,0.9809244390717315,1.182401303314818
2024-11-13 14:57:50.735354,0.09186274849707503,0.9318077949763819,1.2077782676559772
2024-11-13 15:27:50.735354,0.09176614495061283,0.95061764252037,1.1502960004021607
2024-11-13 15:57:50.735354,0.0891541116688823,0.959026574764894,1.1547746324865158
2024-11-13 16:27:50.735354,0.08936145433935748,0.9572205626231949,1.1499034702485078
2024-11-13 16:57:50.735354,0.09455883473315727,0.9580108752116325,1.1222899721020168
2024-11-13 17:27:50.735354,0.09276095059983008,0.9477246179819484,1.1555133026448967
2024-11-13 17:57:50.735354,0.08917799523290876,0.9543185437947953,1.1591376663755624
2024-11-13 18:27:50.735354,0.09386988340349427,0.9712481950791207,1.1869996770380582
2024-11-13 18:57:50.735354,0.08791252369366478,0.9395297577134283,1.0882668689960708
2024-11-13 19:27:50.735354,0.09366459846381481,0.9766933876178395,1.1211599350976893
2024-11-13 19:57:50.735354,0.09415953277409392,0.9826096180534474,1.1722735298307356
2024-11-13 20:27:50.735354,0.09362457658061757,0.9356684815405983,1.1137605731592135
2024-11-13 20:57:50.735354,0.09467158717558277,0.9449417784993308,1.188045490115758
2024-11-13 21:27:50.735354,0.0917361282755168,0.978404337743452,1.1591898155908524
2024-11-13 21:57:50.735354,0.09378295321759796,0.9507030128562072,1.108665462348372
2024-11-13 22:27:50.735354,0.08997209183313777,0.9622125572614398,1.1460599237373814
2024-11-13 22:57:50.735354,0.09350147097383003,0.9339003473351308,1.121691006088657
2024-11-13 23:27:50.735354,0.09115994029079463,0.9751303844551387,1.1771721953297483
2024-11-13 23:57:50.735354,0.09344042718640948,0.9208702058661039,1.1327251802492508
2024-11-14 00:27:50.735354,0.09133515895507875,0.9473096654229411,1.1441737194527901
2024-11-14 00:57:50.735354,0.09427353579335654,0.9278700273273847,1.2067030706564628
2024-11-14 01:27:50.735354,0.09087408415018682,0.9521472108683253,1.153500154783081
2024-11-14 01:57:50.735354,0.09185459560701739,0.9340458439077477,1.0972673222125413
2024-11-14 02:27:50.735354,0.09490489190142781,0.944968900333892,1.151375792305436
2024-11-14 02:57:50.735354,0.09369269597225732,0.9503974206157784,1.1828932324597208
2024-11-14 03:27:50.735354,0.09016065042233279,0.9433090384886499,1.1448163781647989
2024-11-14 03:57:50.735354,0.09215584640846339,0.985345817362016,1.1854434904753688
2024-11-14 04:27:50.735354,0.09038956333708356,0.9524732341853046,1.200874914791235
2024-11-14 04:57:50.735354,0.09247475310517808,0.9666902806581772,1.1329879367342708
2024-11-14 05:27:50.735354,0.09552941299936522,0.9389780473422523,1.1846653296113219
2024-11-14 05:57:50.735354,0.09333297266080913,0.9629842221565198,1.1636378888208612
2024-11-14 06:27:50.735354,0.0952414567965981,0.9386302939810751,1.1371474745165937
2024-11-14 06:57:50.735354,0.09185722193641878,0.9413292712251883,1.115252539513781
2024-11-14 07:27:50.735354,0.09572973175213693,0.9523992926470629,1.1494874999103273
2024-11-14 07:57:50.735354,0.09211410822364671,0.9462402724837198,1.1463004579985787
2024-11-14 08:27:50.735354,0.08954322409998729,0.9410892014279776,1.1357796402169649
2024-11-14 08:57:50.735354,0.09328706405188501,0.9532197385615536,1.1388255110371766
2024-11-14 09:27:50.735354,0.0926968773094344,0.8984174554255104,1.1446114176339135
2024-11-14 09:57:50.735354,0.09017234807158596,0.9453727582447481,1.1572187420205498
2024-11-14 10:27:50.735354,0.09418725093777457,0.9489643539360682,1.184472392815886
2024-11-14 10:57:50.735354,0.09535907190952371,0.9626148701962834,1.1620543997807828
2024-11-14 11:27:50.735354,0.09317689877804852,0.9349979766476272,1.1805783427129641
2024-11-14 11:57:50.735354,0.09265666590735905,0.9772270411735496,1.1790167523499937
2024-11-14 12:27:50.735354,0.09053791080653135,0.9035939758356215,1.1442686238751594
2024-11-14 12:57:50.735354,0.08854308262631597,0.9577753605916876,1.142012393892477
2024-11-14 13:27:50.735354,0.09113579213884918,0.9324726911474291,1.1384847870246197
2024-11-14 13:57:50.735354,0.09489509546423293,0.9205845245548886,1.1681874049735281
2024-11-14 14:27:50.735354,0.09666664829329545,0.942979036921778,1.159552362691772
2024-11-14 14:57:50.735354,0.0920338571650588,0.9260753949052705,1.1656647214122902
2024-11-14 15:27:50.735354,0.09030343137081107,0.9335541080680889,1.1504971705560243
2024-11-14 15:57:50.735354,0.09292703156966794,0.9357619539263248,1.1957855201339533
2024-11-14 16:27:50.735354,0.09402209203297009,0.953394200608513,1.1621421795747553
2024-11-14 16:57:50.735354,0.08676213333337082,0.9947451588461943,1.0965836624569592
2024-11-14 17:27:50.735354,0.09218923935050562,0.9649182928172154,1.1470669207596917
2024-11-14 17:57:50.735354,0.08996302728574214,0.9291670322008218,1.1225702810620628
2024-11-14 18:27:50.735354,0.09009231912479103,0.9609411168730982,1.1346833475064164
2024-11-14 18:57:50.735354,0.0931198225139278,0.9180625424597887,1.1474331478343944
2024-11-14 19:27:50.735354,0.09285467516475807,0.9355270449691817,1.1314530351799719
2024-11-14 19:57:50.735354,0.09480586847934769,0.9349752284496993,1.2099431669933944
2024-11-14 20:27:50.735354,0.09128132402094644,0.9623412694672553,1.1637193215140575
2024-11-14 20:57:50.735354,0.09310271964430598,0.9914373698061971,1.129868974929459
2024-11-14 21:27:50.735354,0.09409299199455746,0.9742308036517001,1.1420928933751815
2024-11-14 21:57:50.735354,0.09008521821710179,0.9425453461622821,1.1466976263676605
2024-11-14 22:27:50.735354,0.0938902281350507,0.9750854855089527,1.1719820271368622
2024-11-14 22:57:50.735354,0.088995886787377,0.9706119325858674,1.1359496442656813
2024-11-14 23:27:50.735354,0.086011692720549,0.9482622922940963,1.1666237727124507
2024-11-14 23:57:50.735354,0.09371969888269611,0.9862259677368681,1.1640389804348916
2024-11-15 00:27:50.735354,0.09643953082240198,0.9392960630219954,1.1973377917926293
2024-11-15 00:57:50.735354,0.09118387543040525,0.9156496267044318,1.1584978162111108
2024-11-15 01:27:50.735354,0.0922217075901987,0.9051206311162189,1.1494385427789107
2024-11-15 01:57:50.735354,0.0929503297010308,0.9341898827549633,1.185063714854176
2024-11-15 02:27:50.735354,0.09548692731627809,0.9219157398701456,1.1551188017802165
2024-11-15 02:57:50.735354,0.09311677545678523,0.9166762057915112,1.1544808961171578
2024-11-15 03:27:50.735354,0.09374963496966134,0.9485477516159081,1.1455788044553346
2024-11-15 03:57:50.735354,0.09267515152430701,0.9604105147631612,1.1668060358403691
2024-11-15 04:27:50.735354,0.0905594239474932,0.9490514976804902,1.1271421959168024
2024-11-15 04:57:50.735354,0.09349895033674256,0.944673924697484,1.1978201234606487
2024-11-15 05:27:50.735354,0.09484283723743538,0.9110042997671906,1.216583723001771
2024-11-15 05:57:50.735354,0.09061655684195406,0.9284680663706895,1.131697118124244
2024-11-15 06:27:50.735354,0.0925803802731799,0.9703338656900424,1.1411959441859212
2024-11-15 06:57:50.735354,0.09420244977669384,0.9616068930150988,1.1312446403319796
2024-11-15 07:27:50.735354,0.0907773593358037,0.92998353726497,1.147342303283631
2024-11-15 07:57:50.735354,0.09344752423430013,0.977461585375213,1.0639731727764192
2024-11-15 08:27:50.735354,0.09209330422108591,0.9506013519680928,1.1253846893503268
2024-11-15 08:57:50.735354,0.09237236897137936,0.9271204219882112,1.1932888870067733
2024-11-15 09:27:50.735354,0.0908511644524111,0.9631754542222432,1.091838052444411
2024-11-15 09:57:50.735354,0.08948242167842739,0.9273789491943022,1.1422991558309086
2024-11-15 10:27:50.735354,0.09400506292226211,0.9771248853935471,1.13961908465526
2024-11-15 10:57:50.735354,0.09083641321036563,0.9539264474282483,1.1814179604844866
2024-11-15 11:27:50.735354,0.08967094585688254,0.9237854365318081,1.140472415542366
2024-11-15 11:57:50.735354,0.0892080572730612,0.9321856049639414,1.1789804592509292
2024-11-15 12:27:50.735354,0.09227597408522444,0.941945381118111,1.1237830245067142
2024-11-15 12:57:50.735354,0.08966493319645967,0.9837164227164358,1.1135641221821109
2024-11-15 13:27:50.735354,0.09355049878746018,0.9680260151861653,1.163311043762378
2024-11-15 13:57:50.735354,0.09259728757236795,0.9903138066359567,1.1723222522009509
2024-11-15 14:27:50.735354,0.09056113850604407,0.9329432931647232,1.1800686260256832
2024-11-15 14:57:50.735354,0.08859858005757182,0.9385242803178249,1.161819162309716
2024-11-15 15:27:50.735354,0.08956276019865023,0.9026125474770986,1.1315459078350334
2024-11-15 15:57:50.735354,0.08945559989304232,0.9605438196410369,1.1321159426721936
2024-11-15 16:27:50.735354,0.09356276747418828,0.9614229519135556,1.101195930917358
2024-11-15 16:57:50.735354,0.09027526328939782,0.9515515520317142,1.180507805749463
2024-11-15 17:27:50.735354,0.09134026534673709,0.9406391972208219,1.120238718107929
2024-11-15 17:57:50.735354,0.09264538818816,0.9534467176746819,1.1823402371096017
2024-11-15 18:27:50.735354,0.0917757724676009,0.9657836011950978,1.1339245629811174
2024-11-15 18:57:50.735354,0.09242547385850163,0.9664560056874574,1.1845013218756495
2024-11-15 19:27:50.735354,0.09209512731786075,0.9315468575146856,1.0932619624279045
2024-11-15 19:57:50.735354,0.0918674798764748,0.961456329461888,1.1767019265636731
2024-11-15 20:27:50.735354,0.0936426477380681,0.9424978735580225,1.2027843989702307
2024-11-15 20:57:50.735354,0.0913651154611093,0.9613043637920273,1.1629872117228073
2024-11-15 21:27:50.735354,0.0954289041190776,0.9603797022396763,1.1652599917729896
2024-11-15 21:57:50.735354,0.09329401765903185,0.9431001540430433,1.160110526103539
2024-11-15 22:27:50.735354,0.09332459961524008,0.9749052862504093,1.2011782793146017
2024-11-15 22:57:50.735354,0.08979787354740147,0.943734570088348,1.1135258063233164
2024-11-15 23:27:50.735354,0.09429386847448752,0.9761312682524046,1.1238333818418702
2024-11-15 23:57:50.735354,0.08984443673024656,0.9715979169434611,1.206251521691396
2024-11-16 00:27:50.735354,0.08979410479347465,0.9617878536036777,1.1035004404364548
2024-11-16 00:57:50.735354,0.09227718725350784,0.9215134990510171,1.1123685802195968
2024-11-16 01:27:50.735354,0.0941599228707399,0.9457286064011315,1.1600060759351976
2024-11-16 01:57:50.735354,0.08930879896492404,0.9477216354541314,1.1882635822218885
2024-11-16 02:27:50.735354,0.09053231620739705,0.933977976763868,1.1411223239642332
2024-11-16 02:57:50.735354,0.09205899947517426,0.9693810222037705,1.1563880339000634
2024-11-16 03:27:50.735354,0.09149138106339318,0.952636648714091,1.1522659826825261
2024-11-16 03:57:50.735354,0.09151139951143147,0.9486891015422639,1.167250605197189
2024-11-16 04:27:50.735354,0.09285631425685521,0.9471565987192418,1.095211883290394
2024-11-16 04:57:50.735354,0.0902700324794052,0.8966484652108367,1.1724931509042535
2024-11-16 05:27:50.735354,0.0915883466222714,0.9459434748325674,1.1727741773595401
2024-11-16 05:57:50.735354,0.09472444440769337,0.9386513527067627,1.1017414667885674
2024-11-16 06:27:50.735354,0.09060301102732944,0.9537492620762575,1.1494077903025306
2024-11-16 06:57:50.735354,0.09226225008378222,0.9370439923299515,1.1729765973548243
2024-11-16 07:27:50.735354,0.0912472751953505,0.9657263681526062,1.1383273819761006
2024-11-16 07:57:50.735354,0.09178619390025004,0.9533470008021561,1.1724801582888114
2024-11-16 08:27:50.735354,0.09125934689405085,0.965664695502096,1.0985755348565072
2024-11-16 08:57:50.735354,0.09405327477040532,0.9877946794788489,1.1213586449966526
2024-11-16 09:27:50.735354,0.09096918451923217,0.9385216390352532,1.1533093880226262
2024-11-16 09:57:50.735354,0.09016719105074274,0.9362276064850809,1.1683889780858094
2024-11-16 10:27:50.735354,0.09259431367893489,0.9573151323788703,1.1819608974087974
2024-11-16 10:57:50.735354,0.09121854241097971,0.9398984169808627,1.048063504646815
2024-11-16 11:27:50.735354,0.09094019218086032,0.93383706168727,1.1525250223903882
2024-11-16 11:57:50.735354,0.09446087375001959,0.9317614794470391,1.1601284655756108
2024-11-16 12:27:50.735354,0.09082157247710805,0.9767371610770901,1.1934943481350693
2024-11-16 12:57:50.735354,0.0923426787514677,0.9600186149616076,1.1272757550265378
2024-11-16 13:27:50.735354,0.09420199667753286,0.9604993563020955,1.1433414150143837
2024-11-16 13:57:50.735354,0.09307564919604508,0.9641153385212157,1.1342105827357434
2024-11-16 14:27:50.735354,0.09318418115327981,0.9597357803029789,1.2055984919842078
2024-11-16 14:57:50.735354,0.09151969125028653,0.9486740645488377,1.1736402550169382
2024-11-16 15:27:50.735354,0.09401358312680591,0.9716620582418192,1.1896705101495553
2024-11-16 15:57:50.735354,0.08829753382320349,0.9392409342490528,1.1409558229792605
2024-11-16 16:27:50.735354,0.09226584962765566,0.9222885048880608,1.1358526590894118
2024-11-16 16:57:50.735354,0.08913349085375735,0.9657926553654668,1.153659714703708
2024-11-16 17:27:50.735354,0.08842576890992324,0.9229613511654229,1.1330423395460254
2024-11-16 17:57:50.735354,0.08890108953944706,0.9806212249807078,1.1017540950722582
2024-11-16 18:27:50.735354,0.09245044988479366,0.9519984994480012,1.135219319534236
2024-11-16 18:57:50.735354,0.09096270272459885,0.9447460398545399,1.2115986918231472
2024-11-16 19:27:50.735354,0.09034356149441378,0.9313303945875963,1.2364845812776109
2024-11-16 19:57:50.735354,0.09195873984813514,0.965153258803715,1.1553726714686627
2024-11-16 20:27:50.735354,0.09285751369583803,0.9721256315483315,1.156778879415956
2024-11-16 20:57:50.735354,0.093476522361943,0.9775173461742372,1.1154246351252879
2024-11-16 21:27:50.735354,0.08952327248873387,0.9440135910814453,1.1447650690056768
2024-11-16 21:57:50.735354,0.09255216103459674,0.958191930339941,1.172516960823657
2024-11-16 22:27:50.735354,0.09069742754105886,0.9383515719053357,1.1401958734396054
2024-11-16 22:57:50.735354,0.09207043161871944,0.9277615073407269,1.1662845603834815
2024-11-16 23:27:50.735354,0.09186943749585468,0.9304940301694358,1.154616484264973
2024-11-16 23:57:50.735354,0.09065384488260386,0.9492803504338865,1.1913394612394692
2024-11-17 00:27:50.735354,0.09188312412031407,0.9322864883577497,1.1740662460120062
2024-11-17 00:57:50.735354,0.0879701422780495,0.9611054402220648,1.1378601591160356
2024-11-17 01:27:50.735354,0.09131978723631465,0.9286400535336672,1.1183506760727207
2024-11-17 01:57:50.735354,0.0887485805203878,0.946001013114657,1.1857403366237746
2024-11-17 02:27:50.735354,0.09310268657660674,0.9369450834202434,1.1375306329616353
2024-11-17 02:57:50.735354,0.09092162792740144,0.9724491338520651,1.1565073382372764
2024-11-17 03:27:50.735354,0.08689387365508368,0.9543593219148618,1.167134464856755
2024-11-17 03:57:50.735354,0.09254929673997121,0.9553324605566289,1.0675909501012366
2024-11-17 04:27:50.735354,0.09387264956399953,0.9349656382184459,1.0617101967623004
2024-11-17 04:57:50.735354,0.0908335977165624,0.9326147571550061,1.1553720001739536
2024-11-17 05:27:50.735354,0.0920139494824359,0.9084517673736663,1.1842329566869225
2024-11-17 05:57:50.735354,0.08977329221675803,0.9525881756887672,1.1576161980258253
2024-11-17 06:27:50.735354,0.08911749438807658,0.9370896708914782,1.1265042297685122
2024-11-17 06:57:50.735354,0.0925059329951442,0.9367027094959793,1.0894766605044959
2024-11-17 07:27:50.735354,0.09464091059977767,0.9255332882924879,1.1678010629481235
2024-11-17 07:57:50.735354,0.09412573185897312,0.9714191208408485,1.121663280086685
2024-11-17 08:27:50.735354,0.08811067273080726,0.9423723474534265,1.123621318743189
2024-11-17 08:57:50.735354,0.08982989798980473,0.9195653332490024,1.1326309041261178
2024-11-17 09:27:50.735354,0.0930770278976091,0.9528678834009079,1.221006616566718
2024-11-17 09:57:50.735354,0.09030192391685297,0.9599754598811765,1.2450186246629442
2024-11-17 10:27:50.735354,0.09378234986670812,0.9660108752383861,1.136864749637596
2024-11-17 10:57:50.735354,0.09432662819769355,0.9192011930318911,1.1539868541016167
2024-11-17 11:27:50.735354,0.0946948290133111,0.9206524827610828,1.1257496864211443
2024-11-17 11:57:50.735354,0.09103980221224964,0.9307031457031757,1.1913138960334835
2024-11-17 12:27:50.735354,0.09310476279905457,0.9478986682304338,1.113253222077978
2024-11-17 12:57:50.735354,0.08881377993126212,0.9754848357845436,1.1461697569544123
2024-11-17 13:27:50.735354,0.0946429696713046,0.9518264077381505,1.1465337756261962
2024-11-17 13:57:50.735354,0.09437675928444199,0.9473104648059052,1.1298047585167177
2024-11-17 14:27:50.735354,0.09207701461343805,0.9556991807887394,1.1415287347651148
2024-11-17 14:57:50.735354,0.09283530285645326,0.9446521098197781,1.1370187867830857
2024-11-17 15:27:50.735354,0.0903513779292001,0.9402695605135085,1.1249865666695213
2024-11-17 15:57:50.735354,0.09535904474319244,0.9460141392714874,1.1395881027042294
2024-11-17 16:27:50.735354,0.09316893267283465,0.9476998713355553,1.1534283638743832
2024-11-17 16:57:50.735354,0.09085394404814415,0.9585872307813921,1.1613046419560726
2024-11-17 17:27:50.735354,0.08841072146946659,0.9695598548799638,1.148752130805776
2024-11-17 17:57:50.735354,0.09152931544591808,0.9498314675079619,1.1743464603755056
2024-11-17 18:27:50.735354,0.08932938331665777,0.9244026714346708,1.1220267628413247
2024-11-17 18:57:50.735354,0.09443967131055364,0.9390747565477461,1.1176555199899556
2024-11-17 19:27:50.735354,0.08988116802920892,0.9254337315115839,1.1440851245663675
2024-11-17 19:57:50.735354,0.09010865516093325,0.9369234465181286,1.0781283456268327
2024-11-17 20:27:50.735354,0.09134436157191125,0.9267410304280459,1.1384874584468285
2024-11-17 20:57:50.735354,0.09059156720162383,0.9661693087414152,1.1690790017383539
2024-11-17 21:27:50.735354,0.0928596658939066,0.9537461998138591,1.1121115423024504
2024-11-17 21:57:50.735354,0.09104535359382293,0.9532933230633212,1.1328398638682735
2024-11-17 22:27:50.735354,0.09094042579737041,0.948569307952556,1.1696091237836486
2024-11-17 22:57:50.735354,0.09286149376189286,0.9791756509530408,1.1406160585183045
2024-11-17 23:27:50.735354,0.09487592072917042,0.9381321422205939,1.0882919770070099
2024-11-17 23:57:50.735354,0.094087538169259,0.9451052934689058,1.1165175291998803
2024-11-18 00:27:50.735354,0.0929694491574368,0.9537713003980886,1.1772345651376948
2024-11-18 00:57:50.735354,0.09430929342710163,0.9541596437836233,1.123602520214166
2024-11-18 01:27:50.735354,0.09230661350470756,0.9463189478297233,1.1757642161041046
2024-11-18 01:57:50.735354,0.0900326296993139,0.9340230668540903,1.1639295704257504
2024-11-18 02:27:50.735354,0.08855608822818428,0.9894915717538489,1.1021689284557106
2024-11-18 02:57:50.735354,0.09382100612092507,0.9561615970728599,1.1225245128520789
2024-11-18 03:27:50.735354,0.090600090550425,0.9207765623723244,1.1191020809799042
2024-11-18 03:57:50.735354,0.09097958246532047,0.9607810651044386,1.1640836356071165
2024-11-18 04:27:50.735354,0.0903305189439204,0.9153001474717253,1.1571844685314199
2024-11-18 04:57:50.735354,0.09798340483496527,0.9667639743746613,1.154243201847571
2024-11-18 05:27:50.735354,0.09240603743988642,0.9452144036208326,1.1065710075139275
2024-11-18 05:57:50.735354,0.09227483492559511,0.9255355406872863,1.1265106576928066
2024-11-18 06:27:50.735354,0.0926948138529933,0.9505314325876977,1.149215079361694
2024-11-18 06:57:50.735354,0.09448723823872122,0.967911462048691,1.1828430814927853
2024-11-18 07:27:50.735354,0.09295075397952025,0.9613007905334388,1.1687989320919792
2024-11-18 07:57:50.735354,0.09051885264827178,0.9504334241133329,1.132843006921599
2024-11-18 08:27:50.735354,0.09483452436397274,0.9316455163975219,1.1272235029539062
2024-11-18 08:57:50.735354,0.09240558685155437,0.9727747232774959,1.1445676718172375
2024-11-18 09:27:50.735354,0.08928872492670106,0.9683966921435063,1.14596454746701
2024-11-18 09:57:50.735354,0.0906086924285494,0.982496409901859,1.1854553729383521
2024-11-18 10:27:50.735354,0.09047787582600986,0.9603144960144263,1.1350878262991577
2024-11-18 10:57:50.735354,0.09175916415764436,0.9385859018463124,1.108578108551937
2024-11-18 11:27:50.735354,0.09236760472040058,0.9643933183897164,1.153045444105189
2024-11-18 11:57:50.735354,0.09072977465660792,0.9463553958660323,1.2024103363872214
2024-11-18 12:27:50.735354,0.09635806636548469,0.9618412398698847,1.173010373327369
2024-11-18 12:57:50.735354,0.08987744730618046,0.9603031247777436,1.2050735630634895
2024-11-18 13:27:50.735354,0.09187654259271695,0.9740461880799731,1.1076281096958642
2024-11-18 13:57:50.735354,0.09098753360589505,0.9523985598934548,1.1730452074045115
2024-11-18 14:27:50.735354,0.0910192939586597,0.9403091884162137,1.1206030084095986
2024-11-18 14:57:50.735354,0.09258859346875137,0.9558625957038216,1.1184714635178261
2024-11-18 15:27:50.735354,0.09397946905806923,0.9451023443974312,1.1601364453865781
2024-11-18 15:57:50.735354,0.09002210722544782,0.968249808890321,1.1657571152557191
2024-11-18 16:27:50.735354,0.08634776608817589,0.9373623205452019,1.1152433959954446
2024-11-18 16:57:50.735354,0.08947828741034916,0.9500908163935807,1.1336015975985663
2024-11-18 17:27:50.735354,0.09533488808504882,0.9785444824194351,1.1766924621537938
2024-11-18 17:57:50.735354,0.09146615836264096,0.9096030418055798,1.1427752942194023
2024-11-18 18:27:50.735354,0.09164233747439625,0.9683961288943258,1.1728647040968032
2024-11-18 18:57:50.735354,0.09025380301355415,0.9397268156145296,1.136998681028666
2024-11-18 19:27:50.735354,0.09124097511347547,0.9508824683209987,1.1151951899065373
2024-11-18 19:57:50.735354,0.09533242471918359,0.9482223243785488,1.0936174944875143
2024-11-18 20:27:50.735354,0.08894919826155263,0.9401733891012812,1.1575211362881948
2024-11-18 20:57:50.735354,0.08880659788700954,0.9710709048134551,1.1621291344336602
2024-11-18 21:27:50.735354,0.09465640375120447,0.9145974817253969,1.1682090654496218
2024-11-18 21:57:50.735354,0.09235855156655662,0.9168590229731678,1.156407807074626
2024-11-18 22:27:50.735354,0.09164587284638098,0.9809432210284335,1.169167895122695
2024-11-18 22:57:50.735354,0.09168799493707919,0.9785874699507554,1.1871988861968852
2024-11-18 23:27:50.735354,0.08896452911406565,0.9360363404523185,1.194143365761464
2024-11-18 23:57:50.735354,0.09280997018767273,0.9432983151124673,1.1390445767033326
2024-11-19 00:27:50.735354,0.0902164093266452,0.9406296478270805,1.1203220660709774
2024-11-19 00:57:50.735354,0.09469254656517394,0.9578605317302522,1.1661351972081948
2024-11-19 01:27:50.735354,0.0918567592290295,0.9848274034019048,1.1427992157015618
2024-11-19 01:57:50.735354,0.08979117984607243,0.9565612852474646,1.158864207256759
2024-11-19 02:27:50.735354,0.09054842702293682,0.9407701835424991,1.179133041488168
2024-11-19 02:57:50.735354,0.08919768416665193,0.948599848221597,1.1302820149720947
2024-11-19 03:27:50.735354,0.09196754984851205,0.9471567460416691,1.1511955052759502
2024-11-19 03:57:50.735354,0.08851559570198365,0.9613023874073987,1.2033615015233379
2024-11-19 04:27:50.735354,0.08667100779519281,0.9468043805546452,1.1760822180991732
2024-11-19 04:57:50.735354,0.09424912573700174,0.9657179405508131,1.1501084068390188
2024-11-19 05:27:50.735354,0.09476658685550537,0.917725801276551,1.1596456083260107
2024-11-19 05:57:50.735354,0.09225626282734253,0.9438349470085076,1.1704795267487382
2024-11-19 06:27:50.735354,0.09107161673313101,0.9579187380912347,1.1350758908621195
2024-11-19 06:57:50.735354,0.09476629592356828,0.9356685223777268,1.1423953988147286
2024-11-19 07:27:50.735354,0.09648291020015509,0.9492762691577049,1.159312280575583
2024-11-19 07:57:50.735354,0.0924369241334404,0.9282660791372758,1.113977237922016
2024-11-19 08:27:50.735354,0.09512935719654979,0.9370716428874153,1.1798128007170101
2024-11-19 08:57:50.735354,0.09566455302007751,0.9415791852352784,1.106212660135662
2024-11-19 09:27:50.735354,0.0904182738966462,0.9730999901233565,1.1760418959862193
2024-11-19 09:57:50.735354,0.09237458155173214,0.9389457223247132,1.1461268441295096
2024-11-19 10:27:50.735354,0.0911183188536391,0.9513711287063799,1.176849801880692
2024-11-19 10:57:50.735354,0.09081846413719406,0.9469247722913411,1.1445462415448053
2024-11-19 11:27:50.735354,0.08992588938077144,0.9437257962918258,1.1322100520467904
2024-11-19 11:57:50.735354,0.09347372664320452,0.9567672000643247,1.11176534478094
2024-11-19 12:27:50.735354,0.09276098196968446,0.9537692583143895,1.139120940726087
2024-11-19 12:57:50.735354,0.0922684906547127,0.9757351478955222,1.218314923321995
2024-11-19 13:27:50.735354,0.09551194537430543,0.9233144326185316,1.1444225914705168
2024-11-19 13:57:50.735354,0.09041938182845649,0.9632950042584553,1.1293140475112367
2024-11-19 14:27:50.735354,0.08935958120567856,0.9425318922500415,1.0932294883328415
2024-11-19 14:57:50.735354,0.09174956418749133,0.9925874080805883,1.1206787885053056
2024-11-19 15:27:50.735354,0.09218870874905352,0.9214295525145397,1.1438336888987892
2024-11-19 15:57:50.735354,0.09468212318245944,0.975684355862558,1.120911785084056
2024-11-19 16:27:50.735354,0.0923987237621281,0.9604606747243146,1.147144145046312
2024-11-19 16:57:50.735354,0.09157908369188819,0.9215637872791235,1.1217729788544113
2024-11-19 17:27:50.735354,0.09104482992123775,0.9643122891362396,1.1657455532112344
2024-11-19 17:57:50.735354,0.09185849007965761,0.9745413914739367,1.142920740270168
2024-11-19 18:27:50.735354,0.0925339424079001,0.9708866793360663,1.1273767683656868
2024-11-19 18:57:50.735354,0.09287570338489695,0.9517591073066972,1.087278067182942
2024-11-19 19:27:50.735354,0.09347422738065314,0.9437135804876176,1.1192744215472032
2024-11-19 19:57:50.735354,0.09211832050505384,0.9487522743637887,1.1571600990654027
2024-11-19 20:27:50.735354,0.08950866151584849,0.9147784075759618,1.1642203611957194
2024-11-19 20:57:50.735354,0.09224046818403096,0.9377370637141946,1.184907584175108
2024-11-19 21:27:50.735354,0.09158492053789642,0.9523643384884813,1.2198767950940221
2024-11-19 21:57:50.735354,0.09352254881819058,0.9396094679158336,1.1742729387698516
2024-11-19 22:27:50.735354,0.09502700304607635,0.9717942545277057,1.143033103500047
2024-11-19 22:57:50.735354,0.0945329252515667,0.9506606941469635,1.175163035936621
2024-11-19 23:27:50.735354,0.09012944136726596,0.9635377790805886,1.1061702403957285
2024-11-19 23:57:50.735354,0.09267076881388911,0.9275761018017109,1.149757969573066
2024-11-20 00:27:50.735354,0.09195570733856454,0.922256128101752,1.1770473444249485
2024-11-20 00:57:50.735354,0.09300509289710612,0.9442443398996713,1.1394686660617819
2024-11-20 01:27:50.735354,0.09027544217372874,0.9391487043033226,1.132839967446083
2024-11-20 01:57:50.735354,0.090295247451149,0.9186397417124518,1.1833286723010705
2024-11-20 02:27:50.735354,0.09083768604536363,0.9261016548705894,1.186957586821755
2024-11-20 02:57:50.735354,0.0912358887247121,0.92258139962518,1.1576864468157089
2024-11-20 03:27:50.735354,0.09309812156506017,0.973420783067128,1.1101926584347273
2024-11-20 03:57:50.735354,0.09288904919174,0.9514705354202094,1.1449634837682938
2024-11-20 04:27:50.735354,0.09112709004582921,0.9342244677237094,1.1484496540126148
2024-11-20 04:57:50.735354,0.09292876935691077,0.9653114897594727,1.059086453932887
2024-11-20 05:27:50.735354,0.09075988868454811,0.9430988361728958,1.2002325268758456
2024-11-20 05:57:50.735354,0.09241156978025282,0.9434507851670125,1.1980117430752029
2024-11-20 06:27:50.735354,0.0949811725356662,0.9475095207009154,1.1293309279648858
2024-11-20 06:57:50.735354,0.09208858510861676,0.920002900777428,1.146994423131599
2024-11-20 07:27:50.735354,0.09540285574627144,0.9803340501828803,1.1230210196528336
2024-11-20 07:57:50.735354,0.092511027751493,0.9440807281830625,1.1798528261669372
2024-11-20 08:27:50.735354,0.0940271252526227,0.9266388919259011,1.1395227120991562
2024-11-20 08:57:50.735354,0.09276974240843858,0.9526190306786241,1.2131955315947442
2024-11-20 09:27:50.735354,0.09047790922554129,0.9238152758940892,1.1976710382113724
2024-11-20 09:57:50.735354,0.09235763058100532,0.9585684172525302,1.1222009864753815
2024-11-20 10:27:50.735354,0.0955510675400656,0.9360330974570548,1.1464852148854359
2024-11-20 10:57:50.735354,0.09178413874291376,0.9554868865171157,1.1785037351170087
2024-11-20 11:27:50.735354,0.08803621846451412,0.9429136605938646,1.118684028458219
2024-11-20 11:57:50.735354,0.09290256031969707,0.9731983900973425,1.1385802998538694
2024-11-20 12:27:50.735354,0.09179731670290639,0.9327005308063533,1.0683359132865062
2024-11-20 12:57:50.735354,0.0919295567120613,0.9697671504100941,1.1298675570259065
2024-11-20 13:27:50.735354,0.09252173068916125,0.9411555882447541,1.2030680961247622
2024-11-20 13:57:50.735354,0.09040027028542669,0.9265157791903391,1.1226314837798026
2024-11-20 14:27:50.735354,0.09020429869378115,0.9467785487646769,1.127847715074748
2024-11-20 14:57:50.735354,0.09250855889772129,0.9245368793905153,1.1552123160935748
2024-11-20 15:27:50.735354,0.0917856321589965,0.96246419182092,1.0863876965616954
2024-11-20 15:57:50.735354,0.09052325340191071,0.9470481506233321,1.1605385411360731
2024-11-20 16:27:50.735354,0.09202310269584169,0.9528432880920917,1.150848373882496
2024-11-20 16:57:50.735354,0.08949564975974647,0.9757576411902685,1.1269537971055859
2024-11-20 17:27:50.735354,0.0929297384725185,0.9471324807083547,1.1779485726614336
2024-11-20 17:57:50.735354,0.09033051998363278,0.910905669055049,1.16283362853819
2024-11-20 18:27:50.735354,0.09468930797315328,0.9516836065387605,1.1424865015841792
2024-11-20 18:57:50.735354,0.09352687764997814,0.9179057034270989,1.1213757664643407
2024-11-20 19:27:50.735354,0.09549277856984573,0.9901834330175433,1.1431615867858753
2024-11-20 19:57:50.735354,0.09517223903466504,0.9420356717948392,1.1604327847682832
2024-11-20 20:27:50.735354,0.09575197186743493,0.964710891607291,1.1051778001028727
2024-11-20 20:57:50.735354,0.0894919436039491,0.9421177841947888,1.216603474570159
2024-11-20 21:27:50.735354,0.09188346578136465,0.9414348259687123,1.1564130640698964
2024-11-20 21:57:50.735354,0.09104974955318743,0.9463507907685428,1.1661467902692162
2024-11-20 22:27:50.735354,0.09414779225873159,0.9575714404980363,1.1713626814407585
2024-11-20 22:57:50.735354,0.09250936760610123,0.9834872696175385,1.1702310599395949
2024-11-20 23:27:50.735354,0.08623275260269919,0.960608842145825,1.1388985595145134
2024-11-20 23:57:50.735354,0.09364853932799139,0.977671255563997,1.123011346552083
2024-11-21 00:27:50.735354,0.09452338762368057,0.9786627057160873,1.1552841111745529
2024-11-21 00:57:50.735354,0.09535586989445688,0.9442389120515354,1.130385774408322
2024-11-21 01:27:50.735354,0.08996658934791331,0.9368896845535074,1.1068711755256833
2024-11-21 01:57:50.735354,0.09299621807974966,0.9345708673815768,1.1982274042627814
2024-11-21 02:27:50.735354,0.09311478782357091,0.9491773163681144,1.145159220444531
2024-11-21 02:57:50.735354,0.09296627934328629,0.9478792020095097,1.1478104388526926
2024-11-21 03:27:50.735354,0.08913929415621066,0.9382277305708477,1.1378503703336804
2024-11-21 03:57:50.735354,0.09225320756224203,0.9728031106785542,1.1695620176777988
2024-11-21 04:27:50.735354,0.0912558715069677,0.9520543658908568,1.151007068858628
2024-11-21 04:57:50.735354,0.0912206320672943,0.9532697364976297,1.1453725846775131
2024-11-21 05:27:50.735354,0.09145340808046863,0.9486661994617981,1.160662426310769
2024-11-21 05:57:50.735354,0.0895444250878379,0.9642002090755769,1.1529181797777506
2024-11-21 06:27:50.735354,0.09163476926745727,0.9381191492320643,1.1104533395311706
2024-11-21 06:57:50.735354,0.08984405471835019,0.9543259437717148,1.158270393015721
2024-11-21 07:27:50.735354,0.09457419132548475,0.938216003792304,1.1760964139222672
2024-11-21 07:57:50.735354,0.09343185988069612,0.9900557439856439,1.10425232861608
2024-11-21 08:27:50.735354,0.08939380736318525,0.9488859330280466,1.1394135810089165
2024-11-21 08:57:50.735354,0.09195868231647823,0.9254737599502676,1.1615478211451458
2024-11-21 09:27:50.735354,0.09393986625210796,0.9447220202773081,1.1233884245823034
2024-11-21 09:57:50.735354,0.08953222828164864,0.9589477894252486,1.2009300869223958
2024-11-21 10:27:50.735354,0.09216713216626288,0.9541943509029184,1.157412275017351
2024-11-21 10:57:50.735354,0.09352887156111242,0.9409299676295073,1.0902489298122309
2024-11-21 11:27:50.735354,0.08904833059947741,0.9569243349283025,1.195364256875176
2024-11-21 11:57:50.735354,0.08953965220667796,0.9644840663239431,1.148945329101986
2024-11-21 12:27:50.735354,0.0894722974882342,0.9688839224830186,1.205372041910874
2024-11-21 12:57:50.735354,0.09225280604308311,0.9374870327559331,1.1900118865418137
2024-11-21 13:27:50.735354,0.09262496385520028,0.969374787915924,1.1736547653300404
2024-11-21 13:57:50.735354,0.0901031326094404,0.9564218787283506,1.1438460174618947
2024-11-21 14:27:50.735354,0.0898011112231858,0.9639488972723229,1.1315331624277
2024-11-21 14:57:50.735354,0.08935659160452838,0.9597691467726953,1.146880859229
2024-11-21 15:27:50.735354,0.09236168909650294,0.9765352332728365,1.103145668953242
2024-11-21 15:57:50.735354,0.09424322172322798,0.9362055799957876,1.1696522501575832
2024-11-21 16:27:50.735354,0.09305115267227435,0.9354247161802374,1.191517234316255
2024-11-21 16:57:50.735354,0.09435535596314099,0.9297337208687485,1.1110056708688567
2024-11-21 17:27:50.735354,0.08974484189560146,0.9689293186524152,1.0979721147375645
2024-11-21 17:57:50.735354,0.09230539745759729,0.9688171883108189,1.1438978393307957
2024-11-21 18:27:50.735354,0.0915291479562455,0.9307071996948233,1.1379404643269408
2024-11-21 18:57:50.735354,0.09439621522877202,0.9595802363637408,1.1899464804164759
2024-11-21 19:27:50.735354,0.09403331201654726,0.9579737646219493,1.1635155675222715
2024-11-21 19:57:50.735354,0.0919347364324315,0.9559140975408305,1.1662168749390924
2024-11-21 20:27:50.735354,0.08972269572303575,0.9409375167954596,1.1912260867366897
2024-11-21 20:57:50.735354,0.08959719436841575,0.9699285684124986,1.136161747360829
2024-11-21 21:27:50.735354,0.09014684365244541,0.976611527729132,1.1671540167924648
2024-11-21 21:57:50.735354,0.09523712454282575,0.9475225442553584,1.1570852546522334
2024-11-21 22:27:50.735354,0.09336284328267536,0.9366664406828267,1.1737293720410735
2024-11-21 22:57:50.735354,0.0900630407009551,0.9525507465504136,1.1458954372920143
2024-11-21 23:27:50.735354,0.09082171867755254,0.9402925898981935,1.150312698195448
2024-11-21 23:57:50.735354,0.09191990067259231,0.9375224243016297,1.1685138727975413
2024-11-22 00:27:50.735354,0.09575817070032662,0.934656755763189,1.1783401177963573
2024-11-22 00:57:50.735354,0.09039353083888901,0.9392362277012909,1.1463166250189336
2024-11-22 01:27:50.735354,0.09255496529043986,0.9582226463641283,1.1787822922614632
2024-11-22 01:57:50.735354,0.08998708615700084,0.9876987705466405,1.15956180566682
2024-11-22 02:27:50.735354,0.09222156650103965,0.9438032204699981,1.1499548689915444
2024-11-22 02:57:50.735354,0.09295947572113995,0.9794071963818384,1.1291716407595616
2024-11-22 03:27:50.735354,0.08855852932516534,0.9569669211070896,1.1336884102181717
2024-11-22 03:57:50.735354,0.09275438685042602,0.9283295855352083,1.1450580468989637
2024-11-22 04:27:50.735354,0.09005648355538239,0.9596469201520299,1.1427895251041926
2024-11-22 04:57:50.735354,0.09119509557568918,0.9595482900787138,1.1502503477520405
2024-11-22 05:27:50.735354,0.08847674770096271,0.9704177256882721,1.1160847668969462
2024-11-22 05:57:50.735354,0.09179532883807746,0.9414075132359225,1.2040411644529578
2024-11-22 06:27:50.735354,0.09444304276767232,0.9261738809622282,1.1592327936318483
2024-11-22 06:57:50.735354,0.09190954640685083,0.94544530735799,1.2105375539510514
2024-11-22 07:27:50.735354,0.09212151945605782,0.9444619861815585,1.156779443739049
2024-11-22 07:57:50.735354,0.0966661532955873,0.9662181645283121,1.1760729513502417
2024-11-22 08:27:50.735354,0.09446098261836358,0.9502794143813336,1.1792296072664616
2024-11-22 08:57:50.735354,0.09412783387096342,0.9446887430389721,1.1288948140526736
2024-11-22 09:27:50.735354,0.08964390217363005,0.9482318040563782,1.1077100614027062
2024-11-22 09:57:50.735354,0.09418925369955158,1.0067673907525654,1.1949223151135822
2024-11-22 10:27:50.735354,0.09085007918072625,0.9325970659847344,1.177578316316617
2024-11-22 10:57:50.735354,0.0906314727652299,0.9279239711949092,1.1609860553880635
2024-11-22 11:27:50.735354,0.09237333060589435,0.9260236269036383,1.1221533854172816
2024-11-22 11:57:50.735354,0.09092712191761934,0.9424851141600143,1.1281487985641045
2024-11-22 12:27:50.735354,0.09171804563040463,0.909400003983813,1.1973625539275428
2024-11-22 12:57:50.735354,0.0921310223373639,0.9664275376929737,1.0949271067546313
2024-11-22 13:27:50.735354,0.09314120332350079,0.933300584429962,1.1918387496229952
2024-11-22 13:57:50.735354,0.09031350300592556,0.9599891581251764,1.1246790362984231
